<?xml version="1.0" encoding="UTF-8"?>
<hibernate-configuration>
<session-factory>
<!-- Database Connection Settings -->
		<property name="connection.driver_class">com.mysql.cj.jdbc.Driver</property>
		<property name="connection.url">jdbc:mysql://localhost:3306/db_edureka
		</property>
		<property name="connection.username">root</property>
		<property name="connection.password">edureka786</property>
		
<!-- Hibernate Properties -->
  		<property name="dialect">org.hibernate.dialect.MySQL8Dialect</property>
  		<property name="show_sql">true</property>
  		<property name="hbm2ddl.auto">update</property>  		  		
  	
  		
 <!-- Mapping Resources -->
 	   <mapping resource="co/edureka/khalid/hibernate/configs/student.hbm.xml"/>

</session-factory>
</hibernate-configuration>