<?xml version="1.0" encoding="UTF-8"?>
<beans xmlns="http://www.springframework.org/schema/beans"
    xmlns:xsi="http://www.w3.org/2001/XMLSchema-instance"
    xmlns:aop="http://www.springframework.org/schema/aop"
    xmlns:context="http://www.springframework.org/schema/context"
    xmlns:tx="http://www.springframework.org/schema/tx"
    xsi:schemaLocation="
        http://www.springframework.org/schema/beans
        http://www.springframework.org/schema/beans/spring-beans.xsd
        http://www.springframework.org/schema/tx
        http://www.springframework.org/schema/tx/spring-tx.xsd
        http://www.springframework.org/schema/aop
        http://www.springframework.org/schema/aop/spring-aop.xsd
        http://www.springframework.org/schema/context
        http://www.springframework.org/schema/context/spring-context-3.1.xsd">
             
 <context:annotation-config/>
 
 <bean id="ds" class="org.springframework.jdbc.datasource.DriverManagerDataSource">
  <property name="driverClassName" value="com.mysql.cj.jdbc.Driver"/>
  <property name="url" value="jdbc:mysql://localhost:3306/db_edureka"/>
  <property name="username" value="root"/>
  <property name="password" value="edureka786"/>
 </bean>
   
 <bean id="mysessionFactory" class="org.springframework.orm.hibernate5.LocalSessionFactoryBean">  
    <property name="dataSource" ref="ds"></property>  
    <property name="mappingResources">  
     <list>  
       <value>employee.hbm.xml</value>  
     </list>  
    </property>  
            
    <property name="hibernateProperties">  
     <props>  
      <prop key="hibernate.dialect">org.hibernate.dialect.MySQL8Dialect</prop>  
      <prop key="hibernate.hbm2ddl.auto">update</prop>  
      <prop key="hibernate.show_sql">true</prop>  
     </props>  
    </property>  
</bean>  
          
<bean id="template" class="org.springframework.orm.hibernate5.HibernateTemplate">  
    <property name="sessionFactory" ref="mysessionFactory"></property>  
</bean>  
         
<bean id="empdao" class="co.edureka.khalid.ems.dao.EmployeeDao">  
    <property name="template" ref="template"></property>  
</bean>  


<tx:annotation-driven transaction-manager="transactionManager"/>

<bean id="transactionManager" class="org.springframework.orm.hibernate5.HibernateTransactionManager"> 
    <property name="sessionFactory" ref="mysessionFactory"/> 
</bean>
</beans>
